{"cameraMode":{"drawMode":0,"name":"Shaded","section":"Shading Mode"},"sceneLighting":true,"audioPlay":false,"sceneViewState":{"showFog":true,"showMaterialUpdate":false,"showSkybox":true,"showFlares":true,"showImageEffects":true,"showParticleSystems":true},"in2DMode":false,"pivot":{"x":37.785484313964847,"y":1.5742307901382447,"z":28.92794418334961},"rotation":{"x":-0.18791897594928742,"y":0.05212460830807686,"z":-0.009987860918045044,"w":-0.9807496070861816},"size":38.916019439697269,"orthographic":false}